feature,importance_mean,importance_std
time_to_collision_s,0.3762783084015337,0.006674477860323604
object_y_m,0.2793771871316764,0.0037779337434636386
distance_m,0.2280410774720197,0.003981035274534885
relative_velocity_mps,0.08772325580740761,0.00341038626098891
truck_speed_kmph,0.05700199065508478,0.0039609237563078365
object_x_m,0.01690954702429699,0.00332826666649687
object_width_m,0.012065491360291558,0.002306299746623397
object_type_person,0.010021407794761239,0.002955100502400068
object_length_m,0.00773045588155905,0.0008017302598625515
point_count,0.0058080786129467874,0.0020537627381264764
object_type_unknown,0.001228338055529532,0.00036637176540767425
object_type_excavator,0.00015178192167346615,0.00043739263232712614
object_type_car,-8.089945572802293e-05,0.0003257852391387856
object_type_truck,-0.0007585687252194883,0.0006394110151439516
object_type_crane,-0.0008520418710422861,0.0003708706409119436
object_z_m,-0.001338625852250619,0.0009782816591613836
object_height_m,-0.0014104420758274117,0.001778356522329904
