feature,importance_gain_normalized,raw_gain,raw_split_weight
time_to_collision_s,0.22933870553970337,11.388704299926758,5909.0
distance_m,0.1484445482492447,7.371590614318848,6988.0
object_y_m,0.1454567313194275,7.223219394683838,10198.0
relative_velocity_mps,0.08330470323562622,4.136818885803223,6128.0
object_x_m,0.07335153967142105,3.6425557136535645,4415.0
object_type_person,0.07115264236927032,3.5333609580993652,382.0
truck_speed_kmph,0.04123050719499588,2.0474610328674316,6876.0
point_count,0.030186757445335388,1.4990407228469849,4171.0
object_width_m,0.025892648845911026,1.2858000993728638,4995.0
object_length_m,0.025428734719753265,1.2627626657485962,4850.0
object_z_m,0.020070526748895645,0.996679961681366,4244.0
object_height_m,0.019315209239721298,0.9591717720031738,3907.0
object_type_unknown,0.018803708255290985,0.9337711930274963,145.0
object_type_crane,0.017831407487392426,0.8854878544807434,115.0
object_type_car,0.017554257065057755,0.8717248439788818,151.0
object_type_truck,0.016398001462221146,0.8143064975738525,255.0
object_type_excavator,0.01623939536511898,0.8064302802085876,227.0
